LavatoryID,STR,PostalCode,Country,LON,LAT,isOwnedByWall,isHandicappedAccessible,Price,canBePayedWithCoins,canBePayedInApp,canBePayedWithNFC,hasChangingTable,LabelID,hasUrinal
Wall_101003,Krumme Lanke. Quermatenweg   (0-24 Uhr),14109,Deutschland,13.240574813,52.453581173,1,0,0,0,0,0,0,5,0
Wall_10357,Ostseestr. 1 (0-24 Uhr),10409,Deutschland,13.4305053079,52.5510829243,1,1,"0,5",1,0,0,0,2,0
Wall_112911,Schlachtensee . Am Schlachtensee ggü. 145  (0-24 Uhr),14129,Deutschland,13.1992287644287,52.4365068880875,1,0,0,0,0,0,0,5,0
Wall_115753,Spektepark   (0-24 Uhr),13589,Deutschland,13.1648593254089,52.5488398803196,1,0,0,0,0,0,0,5,0
Wall_116739,Lindenufer ggü. 10 (0-24 Uhr),13597,Deutschland,13.2077640060379,52.537351114776,1,1,"0,5",1,1,0,0,1,0
Wall_116747,Dubliner Str.   (0-24 Uhr),13349,Deutschland,13.3467597533333,52.5605417184784,1,1,"0,5",1,1,0,0,1,0
Wall_116752,Friedhof Eythstr.. Eythst. 1-25 (0-24 Uhr),12105,Deutschland,13.3664741598498,52.459607642313,1,1,"0,5",1,1,0,0,1,0
Wall_118285,Weberwiese. Marchlewskistr. ggü. 16 (0-24 Uhr),10243,Deutschland,13.4427793052511,52.5160934953208,1,1,"0,5",1,1,0,0,1,1
Wall_118286,Simplonstr.   (0-24 Uhr),10245,Deutschland,13.4655841638968,52.5045811099071,1,1,"0,5",1,1,0,0,1,1
Wall_118295,Besselpark. Besselstr.   (0-24 Uhr),10969,Deutschland,13.391282801748,52.5041142935016,1,1,"0,5",1,1,0,0,1,1
Wall_11952,Rüdesheimer Platz 6 (0-24 Uhr),14197,Deutschland,13.314755,52.473363,1,0,0,0,0,0,0,4,0
Wall_11953,Leuthener Platz . Naumannstr. (0-24 Uhr),10829,Deutschland,13.363288,52.481146,1,0,0,0,0,0,0,4,0
Wall_119670,Treptower Park. Weltspielplatz/Alt-Treptow   (7-22 Uhr),12435,Deutschland,13.4800560474389,52.4855187228924,1,0,"0,5",0,0,0,0,5,0
Wall_119671,S Bhf. Treptower Park. Stern und Kreisschiffahrt/Puschkinallee 15  (7-22 Uhr),12435,Deutschland,13.4633458852759,52.4934218571887,1,0,"0,5",0,0,0,0,5,0
Wall_119989,Pestalozzistr. 77 (0-24 Uhr),10627,Deutschland,13.306683,52.5078805,1,1,"0,5",1,1,0,0,1,0
Wall_119990,Preußenallee (0-24 Uhr),14052,Deutschland,13.2601504282416,52.5161478405709,1,1,"0,5",1,1,0,0,1,0
Wall_119991,Hochmeisterplatz. Westfälische Str. ggü. 70 (0-24 Uhr),10709,Deutschland,13.299396643694,52.4952979658526,1,1,"0,5",1,1,0,0,1,0
Wall_119992,Humboldthain. Gustav-Meyer-Allee   (0-24 Uhr),13355,Deutschland,13.3905134110447,52.5447483688373,1,1,"0,5",1,1,0,0,1,0
Wall_119993,Charlottenstr. ggü. 53-54 (0-24 Uhr),10117,Deutschland,13.3915,52.5141666666667,1,1,"0,5",1,1,0,0,1,0
Wall_119994,Alt-Moabit ggü. 81-82 (0-24 Uhr),10555,Deutschland,13.3355016043326,52.5249959545972,1,1,"0,5",1,1,0,0,1,0
Wall_119995,Buddeplatz (S-Bhf. Tegel). Buddestr. ggü. 12 (0-24 Uhr),13507,Deutschland,13.2885526718782,52.5880929133972,1,1,"0,5",1,1,0,0,1,0
Wall_119996,Göschenplatz. Oranienburger Str. 185 (0-24 Uhr),13437,Deutschland,13.3323362320875,52.5975450801601,1,1,"0,5",1,1,0,0,1,0
Wall_119997,Am Märchenbrunnen. Friedenstr. ggü. 4 (0-24 Uhr),10249,Deutschland,13.4273933717382,52.5271156463647,1,1,"0,5",1,1,0,0,1,0
Wall_119998,Forckenbeckplatz. Eldenaer Str. ggü. 44-45 (0-24 Uhr),10247,Deutschland,13.4610899385872,52.5199553504883,1,1,"0,5",1,1,0,0,1,0
Wall_119999,Degnerstr. 5 (0-24 Uhr),13053,Deutschland,13.4942620699196,52.5455958200139,1,1,"0,5",1,1,0,0,1,0
Wall_120000,Gürtelstr. (0-24 Uhr),10247,Deutschland,13.4769761791238,52.5131466112857,1,1,"0,5",1,1,0,0,1,0
Wall_120001,Kladower Damm 387 (0-24 Uhr),14089,Deutschland,13.1439183848348,52.4537512566632,1,1,"0,5",1,1,0,0,1,0
Wall_120002,Hellersdorfer Str. 78 (0-24 Uhr),12619,Deutschland,13.5884471023787,52.5208672435587,1,1,"0,5",1,1,0,0,1,0
Wall_120003,Ahrensfelder Platz   (0-24 Uhr),12689,Deutschland,13.5658355425444,52.5700993692982,1,1,"0,5",1,1,0,0,1,1
Wall_120004,Lipschitzplatz   (0-24 Uhr),12353,Deutschland,13.4631797599315,52.4238378901859,1,1,"0,5",1,1,0,0,1,0
Wall_120005,Richardplatz 17 (0-24 Uhr),12055,Deutschland,13.4453848820056,52.4740718987721,1,1,"0,5",1,1,0,0,1,0
Wall_120006,Kollwitzplatz. Kollwitzstr. ggü. 56A (0-24 Uhr),10435,Deutschland,13.4170250013635,52.5355833506877,1,1,"0,5",1,1,0,0,1,0
Wall_120007,Elsa-Brändström-Str. 2 (0-24 Uhr),13189,Deutschland,13.4135351693118,52.5598340819584,1,1,"0,5",1,1,0,0,1,0
Wall_120008,Alt-Mariendorf 33 (0-24 Uhr),12107,Deutschland,13.3879121808658,52.4401587349364,1,1,"0,5",1,1,0,0,1,0
Wall_120009,Hauptstr. 128 (0-24 Uhr),10827,Deutschland,13.3528118756615,52.4843251564501,1,1,"0,5",1,1,0,0,1,0
Wall_120010,Argentinische Allee (0-24 Uhr),14163,Deutschland,13.2401710897821,52.4423428716787,1,1,"0,5",1,1,0,0,1,0
Wall_120011,S-Bhf. Zehlendorf. Teltower Damm 37-39 (0-24 Uhr),14165,Deutschland,13.259629,52.430962,1,1,"0,5",1,1,0,0,1,0
Wall_120012,Brauerstr. ggü. 1 (0-24 Uhr),12209,Deutschland,13.326157,52.427696,1,1,"0,5",1,1,0,0,1,0
Wall_120013,S-Bhf. Grünau. Wassersportallee   (0-24 Uhr),12527,Deutschland,13.574246,52.413678,1,1,"0,5",1,1,0,0,1,0
Wall_120014,Sterndamm 8-10 (0-24 Uhr),12487,Deutschland,13.50934272,52.45369117,1,1,"0,5",1,1,0,0,1,0
Wall_120015,S-Bhf. Köpenick. Stellingdamm ggü. 1 (0-24 Uhr),12555,Deutschland,13.5802191173496,52.4588468714187,1,1,"0,5",1,1,0,0,1,0
Wall_120016,Kiefholzstr. 258 (0-24 Uhr),12437,Deutschland,13.4868053644179,52.4658911727311,1,1,"0,5",1,1,0,0,1,0
Wall_120017,Plesser Str. 7 (0-24 Uhr),12435,Deutschland,13.4511497884872,52.4890646412465,1,1,"0,5",1,1,0,0,1,0
Wall_120018,Schivelbeiner Str. 1 (0-24 Uhr),10439,Deutschland,13.41343229,52.55067675,1,1,"0,5",1,1,0,0,1,0
Wall_120019,Bornholmer Str. 94 (0-24 Uhr),10439,Deutschland,13.41329416,52.55375525,1,1,"0,5",1,1,0,0,1,0
Wall_120020,Steglitzer Damm ggü. 3 (0-24 Uhr),12167,Deutschland,13.3362051601007,52.4510085070607,1,1,"0,5",1,1,0,0,1,0
Wall_120021,Leonorenstr. ggü. 67 (0-24 Uhr),12247,Deutschland,13.3431152369142,52.4389576397892,1,1,"0,5",1,1,0,0,1,0
Wall_120022,Platz der Luftbrücke. Tempelhofer Damm (0-24 Uhr),12101,Deutschland,13.3868324212871,52.4842403167076,1,1,"0,5",1,1,0,0,1,0
Wall_120023,Kurt-Schumacher-Platz. Scharnweberstr. ggü. 19 (0-24 Uhr),13405,Deutschland,13.3267155793166,52.5639195878818,1,1,"0,5",1,1,0,0,1,0
Wall_120024,Gudrunstr. 20 (0-24 Uhr),10365,Deutschland,13.50882,52.51505,1,1,"0,5",1,1,0,0,1,0
Wall_120185,Urbanstr. 21 (0-24 Uhr),10961,Deutschland,13.4085659005121,52.4927440515212,1,1,"0,5",1,1,0,0,1,0
Wall_120186,Planufer   (0-24 Uhr),10967,Deutschland,13.4198320333,52.4956702562474,1,1,"0,5",1,1,0,0,1,0
Wall_120188,Gneisenaustr. 39 (0-24 Uhr),10961,Deutschland,13.398054,52.490534,1,1,"0,5",1,1,0,0,1,1
Wall_120189,Görlitzer Park. Wiener Str. 59A (0-24 Uhr),10999,Deutschland,13.4391568914807,52.4950580656832,1,1,"0,5",1,1,0,0,1,0
Wall_120190,Platz der Vereinten Nationen. Landsberger Allee   (0-24 Uhr),10249,Deutschland,13.4329856332671,52.5235085677499,1,1,"0,5",1,1,0,0,1,0
Wall_120191,Erich-Steinfurth-Str.   (0-24 Uhr),10243,Deutschland,13.4345572862,52.5114773654,1,1,"0,5",1,1,0,0,1,1
Wall_120192,Warschauer Str. ggü. 33 (0-24 Uhr),10243,Deutschland,13.4506315673,52.5076197422,1,1,"0,5",1,1,0,0,1,1
Wall_120193,Wühlischplatz. Wühlischstr. ggü. 11 (0-24 Uhr),10245,Deutschland,13.4639155114,52.5079000373,1,1,"0,5",1,1,0,0,1,0
Wall_120205,Grellstr. 39 (0-24 Uhr),10409,Deutschland,13.4382226755741,52.5414832231387,1,1,"0,5",1,1,0,0,1,0
Wall_120206,Bülowstr. ggü. 49 (0-24 Uhr),10829,Deutschland,13.3669141154753,52.4938516883151,1,1,"0,5",1,1,0,0,1,0
Wall_120207,Reinickendorfer Str. 9 (0-24 Uhr),13347,Deutschland,13.3699104981192,52.5416111409171,1,1,"0,5",1,1,0,0,1,0
Wall_120208,Osloer Str. 18 (0-24 Uhr),13359,Deutschland,13.3839865758039,52.5560486511468,1,1,"0,5",1,1,0,0,1,0
Wall_120209,Köllnischer Park. Rungestr. 31 (0-24 Uhr),10179,Deutschland,13.413572565667,52.5127077113696,1,1,"0,5",1,1,0,0,1,0
Wall_120210,Dürerplatz 5 (0-24 Uhr),12157,Deutschland,13.3415016338287,52.4695434114471,1,1,"0,5",1,1,0,0,1,0
Wall_120211,Priesterweg S-Bahnhof (0-24 Uhr),12157,Deutschland,13.355711,52.459251,1,1,"0,5",1,1,0,0,1,0
Wall_120212,Marienfelder Allee 144-146 (0-24 Uhr),12277,Deutschland,13.3631543938859,52.4134984395888,1,1,"0,5",1,1,0,0,1,0
Wall_120213,Friedrichstr. ggü. 10-11 (0-24 Uhr),10969,Deutschland,13.391234,52.501269,1,1,"0,5",1,1,0,0,1,0
Wall_120214,Im Domstift   (0-24 Uhr),12309,Deutschland,13.4101617301817,52.3877787779863,1,1,"0,5",1,1,0,0,1,0
Wall_120215,Nöldnerplatz. Archibaldweg   (0-24 Uhr),10317,Deutschland,13.48398,52.50302,1,1,"0,5",1,1,0,0,1,0
Wall_120216,Marzahner Promenade (Fußgängerzone) 30-33 (0-24 Uhr),12679,Deutschland,13.549245,52.544367,1,1,"0,5",1,1,0,0,1,0
Wall_120222,Waldstr. 1 (0-24 Uhr),10551,Deutschland,13.3306064855452,52.5274148885999,1,1,"0,5",1,1,0,0,1,0
Wall_120223,Hugenottenplatz. Schweizer Tal ggü. 48 (0-24 Uhr),13127,Deutschland,13.4205648128286,52.6071445264468,1,1,"0,5",1,1,0,0,1,0
Wall_120224,Hohenzollerndamm   (0-24 Uhr),14199,Deutschland,13.281976346854,52.4769410549611,1,1,"0,5",1,1,0,0,1,0
Wall_120225,Wilhelminenhofstr. 54 (0-24 Uhr),12459,Deutschland,13.5266717549591,52.4585928594435,1,1,"0,5",1,1,0,0,1,0
Wall_120226,Bundesallee. Friedrich-Wilhelm-Platz 4 (0-24 Uhr),12161,Deutschland,13.3279317674284,52.4725628119395,1,1,"0,5",1,1,0,0,1,0
Wall_120227,Achillesstr. ggü. 59 (0-24 Uhr),13125,Deutschland,13.48851,52.617635,1,1,"0,5",1,1,0,0,1,0
Wall_120228,S-Bhf. Wilhelmshagen. Schönblicker Str.   (0-24 Uhr),12589,Deutschland,13.7210046415745,52.4390817378726,1,1,"0,5",1,1,0,0,1,0
Wall_120229,Badensche Str. 29 (0-24 Uhr),10715,Deutschland,13.3274845332077,52.4864769487566,1,1,"0,5",1,1,0,0,1,0
Wall_120230,Eberbacher Str. 24 (0-24 Uhr),14197,Deutschland,13.3092685301689,52.473324575463,1,1,"0,5",1,1,0,0,1,0
Wall_120403,Weitlingstr. 2 (0-24 Uhr),10317,Deutschland,13.4993596999717,52.5106318769395,1,1,"0,5",1,1,0,0,1,0
Wall_120407,Seddiner Str. 22 (0-24 Uhr),10315,Deutschland,13.5208341459128,52.5135019050001,1,1,"0,5",1,1,0,0,1,0
Wall_120443,Boxhagener Platz. Gärtnerstr. ggü. 12-13 (0-24 Uhr),10245,Deutschland,13.4606556296341,52.5106971566647,1,1,0,0,0,0,0,5,0
Wall_120446,Breitenbachplatz 8 (0-24 Uhr),14195,Deutschland,13.3086648230217,52.4672367895227,1,1,"0,5",1,1,0,0,1,0
Wall_120447,Griechische Allee 2 (0-24 Uhr),12459,Deutschland,13.5138909063174,52.4646370786482,1,1,"0,5",1,1,0,0,1,0
Wall_120448,Hempelsteig hinter 1A (0-24 Uhr),14052,Deutschland,13.240857,52.525505,1,1,"0,5",1,1,0,0,1,0
Wall_120449,Goerzallee 1-3 (0-24 Uhr),12207,Deutschland,13.3093156903864,52.4309018915121,1,1,"0,5",1,1,0,0,1,0
Wall_120450,Munsterdamm   (0-24 Uhr),12157,Deutschland,13.3491057199504,52.4585530612939,1,1,"0,5",1,1,0,0,1,0
Wall_120451,Ostpreußendamm 83 (0-24 Uhr),12207,Deutschland,13.3048687553929,52.4175685677034,1,1,"0,5",1,1,0,0,1,0
Wall_120461,Zingster Str. 37 (0-24 Uhr),13059,Deutschland,13.4969495503473,52.5698739180807,1,1,"0,5",1,1,0,0,1,0
Wall_120462,Am Heidefriedhof. Reißeckstr. 14 (0-24 Uhr),12107,Deutschland,13.3920992767046,52.4397523119659,1,1,"0,5",1,1,0,0,1,0
Wall_120493,Steglitzer Damm vor 39/39a (0-24 Uhr),12169,Deutschland,13.3428182601929,52.45068359375,1,1,"0,5",1,1,0,0,1,0
Wall_120494,Schloßstr. ggü. 33-35 (0-24 Uhr),12163,Deutschland,13.3214325154,52.457269514,1,1,"0,5",1,1,0,0,1,0
Wall_120495,S-Bhf. Wartenberg . Egon-Erwin-Kisch-Str. 28 (0-24 Uhr),13059,Deutschland,13.5046711288011,52.5733301033486,1,1,"0,5",1,1,0,0,1,0
Wall_120496,Landsberger Allee   (0-24 Uhr),10369,Deutschland,13.4706950203,52.5310082107,1,1,"0,5",1,1,0,0,1,1
Wall_120497,S-Bhf. Karlshorst. Stolzenfelsstr.   (0-24 Uhr),10318,Deutschland,13.5260174309,52.4813251482,1,1,"0,5",1,1,0,0,1,0
Wall_12051,Zufahrt Insel Reiswerder  (0-24 Uhr),13629,Deutschland,13.2565555555556,52.5681388888889,1,0,0,0,0,0,0,5,0
Wall_120510,Boulevard Kastanienallee   (0-24 Uhr),12619,Deutschland,13.6033523134046,52.5319120500029,1,1,"0,5",1,1,0,0,1,0
Wall_120511,Attilaplatz. Attilastr. ggü. 176 (0-24 Uhr),12105,Deutschland,13.3759973597359,52.4559113902088,1,1,"0,5",1,1,0,0,1,0
Wall_120512,Hranitzkistr.   (0-24 Uhr),12277,Deutschland,13.3710977471902,52.4225198402077,1,1,"0,5",1,1,0,0,1,0
Wall_120737,Leipziger Straße Spittelmarkt   (0-24 Uhr),10117,Deutschland,13.4007839020002,52.5116668951405,1,1,"0,5",1,1,0,0,1,0
Wall_120738,Hermannplatz 9 (0-24 Uhr),10967,Deutschland,13.4252979899,52.4876315049,1,1,"0,5",1,1,0,0,1,0
Wall_120739,Antonplatz. Berliner Allee 34 (0-24 Uhr),13088,Deutschland,13.4512367147914,52.5481660046952,1,1,"0,5",1,1,0,0,1,0
Wall_120740,S-Bhf. Frohnau. Welfenallee 1-5 (0-24 Uhr),13465,Deutschland,13.2890079265,52.6319858039,1,1,"0,5",1,1,0,0,1,0
Wall_120741,Rudower Chaussee 1-3 (0-24 Uhr),12489,Deutschland,13.53926,52.43443,1,1,"0,5",1,1,0,0,1,0
Wall_120742,Neuendorfer Str. 2 (0-24 Uhr),13585,Deutschland,13.2056353123,52.5414339921,1,1,"0,5",1,1,0,0,1,0
Wall_120744,Hohenzollernplatz. Hohenzollerndamm 199 (0-24 Uhr),10717,Deutschland,13.3250563841,52.494013819,1,1,"0,5",1,1,0,0,1,0
Wall_120745,S-Bhf. Biesdorf. Wuhlgartenweg   (0-24 Uhr),12683,Deutschland,13.5549178147,52.5134202058,1,1,"0,5",1,1,0,0,1,0
Wall_120746,Innsbrucker Platz   (0-24 Uhr),10825,Deutschland,13.3434712846,52.4786755758,1,1,"0,5",1,1,0,0,1,0
Wall_120747,Wernsdorfer Str. ggü. 1 (0-24 Uhr),12527,Deutschland,13.6493298625,52.3758170027,1,1,"0,5",1,1,0,0,1,0
Wall_120748,Winterfeldtplatz. Hohenstaufenstr. 1 (0-24 Uhr),10781,Deutschland,13.3536221927,52.4948779984,1,1,"0,5",1,1,0,0,1,0
Wall_120749,George-Grosz-Platz. Kurfürstendamm 50 (0-24 Uhr),10707,Deutschland,13.31733472,52.5014806902,1,1,"0,5",1,1,0,0,1,0
Wall_120750,Waldstr. ggü. 89 (0-24 Uhr),13156,Deutschland,13.4002351085133,52.5806731668297,1,1,"0,5",1,1,0,0,1,0
Wall_120751,Fontanestr.   (0-24 Uhr),14193,Deutschland,13.263703,52.487504,1,1,"0,5",1,1,0,0,1,0
Wall_120752,S+U-Bhf. Wuhletal. Altentreptower Str.   (0-24 Uhr),12621,Deutschland,13.5748868504834,52.5129007399651,1,1,"0,5",1,1,0,0,1,0
Wall_120753,U-Bhf. Kienberg. Neue Grottkauer Str.   (0-24 Uhr),12619,Deutschland,13.591577839657,52.5294186207121,1,1,"0,5",1,1,0,0,1,0
Wall_120759,Quedlinburger Str. hinter 1 (0-24 Uhr),12627,Deutschland,13.6047018253,52.5393854731,1,1,"0,5",1,1,0,0,1,0
Wall_120760,Hellersdorfer Str. 227 (0-24 Uhr),12627,Deutschland,13.6010719319,52.5358189594,1,1,"0,5",1,1,0,0,1,0
Wall_120761,Roedernstr.   (0-24 Uhr),12623,Deutschland,13.6011724568,52.4825517916,1,1,"0,5",1,1,0,0,1,0
Wall_120762,Elsterwerdaer Platz 1-3 (0-24 Uhr),12683,Deutschland,13.5609083175659,52.5059394836426,1,1,"0,5",1,1,0,0,1,1
Wall_120763,Helene-Weigel-Platz 4 (0-24 Uhr),12681,Deutschland,13.5380301295883,52.5279683889736,1,1,"0,5",1,1,0,0,1,0
Wall_120764,Debenzer Str. ggü. 36 (0-24 Uhr),12683,Deutschland,13.54735,52.500953,1,1,"0,5",1,1,0,0,1,1
Wall_120941,Rathaus Spandau. Altstädter Ring   (0-24 Uhr),13597,Deutschland,13.2004290600801,52.5354700822998,1,1,"0,5",1,1,0,0,1,0
Wall_120942,Imchenplatz. Imchenallee   (0-24 Uhr),14089,Deutschland,13.1489187460324,52.4525249986595,1,1,"0,5",1,1,0,0,1,0
Wall_120943,Metzer Platz ggü. 118 (0-24 Uhr),13595,Deutschland,13.1970124316781,52.5244093736923,1,1,"0,5",1,1,0,0,1,1
Wall_120944,Moritzstr.   (0-24 Uhr),13597,Deutschland,13.2011111111111,52.5383333333333,1,1,"0,5",1,1,0,0,1,1
Wall_121087,Wiltbergstr. 19 (0-24 Uhr),13125,Deutschland,13.494606453114,52.6356555785213,1,1,"0,5",1,1,0,0,1,0
Wall_121088,Breite Str. 35 (0-24 Uhr),13187,Deutschland,13.4073465278231,52.5702539545699,1,1,"0,5",1,1,0,0,1,1
Wall_121089,Berliner Allee ggü. 160 (0-24 Uhr),13086,Deutschland,13.4662555638586,52.5526148501705,1,1,"0,5",1,1,0,0,1,1
Wall_121090,Schönhauser Allee hinter 137 (0-24 Uhr),10437,Deutschland,13.411940574646,52.5430526733398,1,1,"0,5",1,1,0,0,1,1
Wall_121091,Wichertstr. 21 (0-24 Uhr),10439,Deutschland,13.42089017,52.54864128,1,1,"0,5",1,1,0,0,1,1
Wall_121092,Wichertstr. 43 (0-24 Uhr),10439,Deutschland,13.42732495,52.5458669801,1,1,"0,5",1,1,0,0,1,1
Wall_121093,Helmholtzplatz. Raumerstr. ggü. 9 (0-24 Uhr),10437,Deutschland,13.4186597605807,52.5428997393468,1,1,"0,5",1,1,0,0,1,1
Wall_121094,Am Falkplatz ggü. 5 (0-24 Uhr),10437,Deutschland,13.4054260825,52.5467650349,1,1,"0,5",1,1,0,0,1,1
Wall_121095,Arnswalder Platz. Bötzowstr. ggü. 51 (0-24 Uhr),10407,Deutschland,13.4371079873968,52.5335952903103,1,1,"0,5",1,1,0,0,1,1
Wall_121141,Am Weißen See. Parkstr. ggü. 80 (0-24 Uhr),13086,Deutschland,13.4587438498199,52.5555743891318,1,1,"0,5",1,1,0,0,1,1
Wall_121168,Schillerpromenade 37 (0-24 Uhr),12049,Deutschland,13.4219992471315,52.4775845145735,1,1,"0,5",1,1,0,0,1,1
Wall_121169,Sonnenallee 262 (0-24 Uhr),12057,Deutschland,13.4643174809262,52.4703125033872,1,1,"0,5",1,1,0,0,1,1
Wall_121170,Boddinplatz. Mainzer Str.   (0-24 Uhr),12053,Deutschland,13.4284121007425,52.4799133489629,1,1,"0,5",1,1,0,0,1,1
Wall_121238,Seestr. 94 (0-24 Uhr),13353,Deutschland,13.3515952183918,52.5503828539617,1,1,"0,5",1,1,0,0,1,0
Wall_121945,Savignyplatz 1 (0-24 Uhr),10623,Deutschland,13.322725,52.505252,1,1,"0,5",1,1,0,0,1,0
Wall_121946,Schönefelder Chaussee 100 (0-24 Uhr),12524,Deutschland,13.5275184661,52.4109872979,1,1,"0,5",1,1,0,0,1,0
Wall_121947,Briesingstr. ggü. 1 (0-24 Uhr),12307,Deutschland,13.3984986623649,52.3865178510777,1,1,"0,5",1,1,0,0,1,1
Wall_121948,Kurt-Schumacher-Damm   (0-24 Uhr),13627,Deutschland,13.29402034,52.53625419,1,1,"0,5",1,1,0,0,1,0
Wall_121956,Bundesallee. Bundesplatz 6 (0-24 Uhr),10715,Deutschland,13.3282867070272,52.4790069600456,1,1,"0,5",1,1,0,0,1,0
Wall_122395,Park am Weinbergsweg (0-24 Uhr),10119,Deutschland,13.4030886906136,52.5319477065682,1,1,"0,5",1,1,0,0,1,1
Wall_122523,Am Treptower Park ggü. 31-32 (0-24 Uhr),12435,Deutschland,13.464374587928,52.4874667583911,1,1,"0,5",1,1,0,0,1,0
Wall_122524,S-Bhf. Friedrichshagen. Dahlwitzer Landstr.   (0-24 Uhr),12587,Deutschland,13.62535,52.457726,1,1,"0,5",1,1,0,0,1,1
Wall_122525,Comeniusplatz. Torellstr. ggü. 1 (0-24 Uhr),10243,Deutschland,13.4473361604833,52.5114461688103,1,1,"0,5",1,1,0,0,1,1
Wall_122526,Traveplatz. Weichselstr. ggü. 13-14 (0-24 Uhr),10247,Deutschland,13.4690242763962,52.511231535323,1,1,"0,5",1,1,0,0,1,0
Wall_122527,Skalitzer Str. ggü. 6 (0-24 Uhr),10997,Deutschland,13.4303110155598,52.4999602368727,1,1,"0,5",1,1,0,0,1,0
Wall_122528,Alfred-Scholz-Platz. Richardstr. 1 (0-24 Uhr),12043,Deutschland,13.438141,52.478802,1,1,"0,5",1,1,0,0,1,0
Wall_122529,Ludwigkirchplatz 12 (0-24 Uhr),10719,Deutschland,13.3223900106436,52.4971413116517,1,1,"0,5",1,1,0,0,1,0
Wall_122530,Turmstr. ggü. 20a-21 (0-24 Uhr),10178,Deutschland,13.3480949658845,52.526093090526,1,1,"0,5",1,1,0,0,1,1
Wall_122531,Invalidenstr. ggü. 44 (0-24 Uhr),10117,Deutschland,13.3781628439159,52.5289575745279,1,1,"0,5",1,1,0,0,1,1
Wall_122572,Burgstr. (James-Simon-Park) ggü. 28 (0-24 Uhr),10178,Deutschland,13.400429357,52.521999592,1,1,"0,5",1,1,0,0,1,1
Wall_122573,Potsdamer Str. 109 (0-24 Uhr),10785,Deutschland,13.3630616908073,52.4998790525937,1,1,"0,5",1,1,0,0,1,1
Wall_122574,Museumsinsel. Am Lustgarten   (0-24 Uhr),10178,Deutschland,13.3998980761,52.5194673259,1,1,"0,5",1,1,0,0,1,1
Wall_122575,Str. des 17. Juni   (0-24 Uhr),10557,Deutschland,13.3755391287496,52.5163720170624,1,1,"0,5",1,1,0,0,1,1
Wall_122576,Linkstr. ggü. 10 (0-24 Uhr),10785,Deutschland,13.3742894166,52.5055704086,1,1,"0,5",1,1,0,0,1,1
Wall_122579,Leopoldplatz. Müllerstr. ggü. 150 (0-24 Uhr),13353,Deutschland,13.3586066,52.5470043,1,1,"0,5",1,1,0,0,1,1
Wall_122580,Ungarnstr. ggü. 58 (0-24 Uhr),13349,Deutschland,13.35593646,52.555437,1,1,"0,5",1,1,0,0,1,1
Wall_122585,Greenwichpromenade   (0-24 Uhr),13507,Deutschland,13.2725972163991,52.5890975626873,1,1,"0,5",1,1,0,0,1,0
Wall_122586,Wittenbergplatz. Ansbacher Str. ggü. 24 (0-24 Uhr),10789,Deutschland,13.3427270609067,52.5024676291825,1,1,"0,5",1,1,0,0,1,0
Wall_122587,Mariendorfer Damm 90 (0-24 Uhr),12099,Deutschland,13.3856663883506,52.4443831917401,1,1,"0,5",1,1,0,0,1,1
Wall_122588,S-u. U-Bhf. Tempelhof. Tempelhofer Damm 108 (0-24 Uhr),12099,Deutschland,13.385392,52.470273,1,1,"0,5",1,1,0,0,1,0
Wall_122589,Klausenerplatz ggü. 23 (0-24 Uhr),14059,Deutschland,13.290356505,52.51879627,1,1,"0,5",1,1,0,0,1,1
Wall_122590,Hans-Rosenthal-Platz . Kufsteiner Str.   (0-24 Uhr),10825,Deutschland,13.33693,52.480497,1,1,"0,5",1,1,0,0,1,1
Wall_122608,Trakehner Allee vor ggü. 3 (0-24 Uhr),14053,Deutschland,13.2435201,52.512991,1,1,"0,5",1,1,0,0,1,0
Wall_122609,Olympischer Platz 6 (0-24 Uhr),14053,Deutschland,13.24459,52.51562,1,1,"0,5",1,1,0,0,1,0
Wall_122610,Trakehner Allee hinter ggü. 7 (0-24 Uhr),14053,Deutschland,13.240781,52.5121801,1,1,"0,5",1,1,0,0,1,0
Wall_122611,Jesse-Owens-Allee vor ggü. 2 (0-24 Uhr),14053,Deutschland,13.2368827701982,52.5106345162793,1,1,"0,5",1,1,0,0,1,0
Wall_122631,Siegfriedstr. ggü. 23 (0-24 Uhr),12051,Deutschland,13.4314583180754,52.4678621065571,1,1,"0,5",1,1,0,0,1,1
Wall_122633,Joachim-Gottschalk-Weg 12-14 (0-24 Uhr),12353,Deutschland,13.4766121902363,52.4226602135946,1,1,"0,5",1,1,0,0,1,0
Wall_122812,Hallesches Ufer   (0-24 Uhr),10969,Deutschland,13.3913257043903,52.4979512797239,1,1,"0,5",1,1,0,0,1,1
Wall_122939,Waltersdorfer Chaussee ggü. 5-7 (0-24 Uhr),12355,Deutschland,13.4977403163385,52.4158088417092,1,1,"0,5",1,1,0,0,1,1
Wall_122940,Berkaer Str. vor 1 (0-24 Uhr),14199,Deutschland,13.2904180558149,52.4757516888295,1,1,"0,5",1,1,0,0,1,0
Wall_122942,Rudolfplatz. Modersohnstr. ggü. 53-55 (0-24 Uhr),10245,Deutschland,13.4568589044744,52.5026830728314,1,1,"0,5",1,1,0,0,1,1
Wall_122943,Falckensteinstr. hinter 38 (0-24 Uhr),10997,Deutschland,13.4430254284233,52.4989927697972,1,1,"0,5",1,1,0,0,1,1
Wall_122974,Oranienplatz ggü. 1 (0-24 Uhr),10999,Deutschland,13.4151105784254,52.5025964081577,1,1,"0,5",1,1,0,0,1,1
Wall_123024,Mariannenplatz 2-3 (0-24 Uhr),10997,Deutschland,13.424531,52.50307,1,1,"0,5",1,1,0,0,1,1
Wall_123032,Senftenberger Ring   (0-24 Uhr),13439,Deutschland,13.353790066078,52.5996651754162,1,1,"0,5",1,1,0,0,1,0
Wall_123363,Stralsunder Str. (Fußgängerzone) 61 (0-24 Uhr),13355,Deutschland,13.3952777777778,52.5397777777778,1,1,"0,5",1,1,0,0,1,0
Wall_123385,Thomashöhe. Thomasstr. ggü. 11-15 (0-24 Uhr),12053,Deutschland,13.438905760934,52.4737141412463,1,1,"0,5",1,1,0,0,1,1
Wall_123395,Am Tierpark 72 (0-24 Uhr),10319,Deutschland,13.5231838083603,52.4973122391274,1,1,"0,5",1,1,0,0,1,0
Wall_123402,Paul-Lincke-Ufer ggü. 16 (0-24 Uhr),10999,Deutschland,13.4318183693879,52.4928459919693,1,1,"0,5",1,1,0,0,1,1
Wall_123403,Waterloo-Ufer (0-24 Uhr),10961,Deutschland,13.3930303824613,52.4973898356451,1,1,"0,5",1,1,0,0,1,0
Wall_123451,Alt-Stralau. Tunnelstr. ggü. 48-48C (0-24 Uhr),10245,Deutschland,13.4784884122379,52.4920379163595,1,1,0,0,0,0,0,5,0
Wall_123452,Volkspark Friedrichshain. Neuer Hain   (0-24 Uhr),10245,Deutschland,13.4435442644645,52.52926371287,1,0,0,0,0,0,0,5,0
Wall_123453,Görlitzer Park   (0-24 Uhr),10999,Deutschland,13.4415032415752,52.4952007682188,1,0,0,0,0,0,0,5,0
Wall_123492,Görlitzer Park. Zugang   (0-24 Uhr),10999,Deutschland,13.4321678831011,52.4990992941424,1,1,"0,5",1,1,0,0,1,1
Wall_123496,Dominicusstr. 16-18 (0-24 Uhr),10825,Deutschland,13.3467060287756,52.4824081883314,1,1,"0,5",1,1,0,0,1,1
Wall_123498,Edinburger Str. 38 (0-24 Uhr),13349,Deutschland,13.3483289012,52.5561112917,1,1,"0,5",1,1,0,0,1,1
Wall_123499,Kranoldplatz. Bendastr.   (0-24 Uhr),12051,Deutschland,13.4368558397,52.4661676648,1,1,"0,5",1,1,0,0,1,1
Wall_123500,Möllendorffstr.   (0-24 Uhr),10367,Deutschland,13.4795858138,52.518999597,1,1,"0,5",1,1,0,0,1,1
Wall_123501,Rennbahnstr. ggü. 1-2 (0-24 Uhr),13086,Deutschland,13.4658943730161,52.5571969543997,1,1,"0,5",1,1,0,0,1,1
Wall_123502,Bosepark. Manteuffelstr. ggü. 9 (0-24 Uhr),12103,Deutschland,13.377623,52.463965,1,1,"0,5",1,1,0,0,1,1
Wall_1405,Lewishamstr. (0-24 Uhr),10627,Deutschland,13.3026592616,52.5053471787,1,1,"0,5",1,0,0,0,2,0
Wall_3389,Unter den Linden 76 (0-24 Uhr),10117,Deutschland,13.3812694549561,52.5166091918945,1,1,"0,5",1,0,0,0,2,0
Wall_34518,Trakehner Allee vor ggü. 3 (bei Veranst.),14053,Deutschland,13.2435201,52.512991,1,0,0,0,0,0,0,4,0
Wall_34520,Olympischer Platz 6 (bei Veranst.),14053,Deutschland,13.24459,52.51562,1,0,0,0,0,0,0,4,0
Wall_34522,Trakehner Allee hinter ggü. 7 (bei Veranst.),14053,Deutschland,13.240781,52.5121801,1,0,0,0,0,0,0,4,0
Wall_34523,Jesse-Owens-Allee vor ggü. 2 (bei Veranst.),14053,Deutschland,13.23694025,52.51064618,1,0,0,0,0,0,0,4,0
Wall_34524,Rossitter Platz (bei Veranst.),14053,Deutschland,13.24938,52.51746,1,0,0,0,0,0,0,4,0
Wall_4943,Kantstr. 165-166 (0-24 Uhr),10789,Deutschland,13.3338492081,52.5051569409,1,0,0,0,0,0,0,4,0
Wall_5103,Alt-Tegel 1-3 (0-24 Uhr),13507,Deutschland,13.2827884563623,52.5898527733733,1,1,"0,5",1,0,0,0,2,0
Wall_5134,S-Bhf. Pankow DB Florastr.. Garbatyplatz ggü. 2 (0-24 Uhr),13187,Deutschland,13.4116505789412,52.5672258921927,1,1,"0,5",1,0,0,0,2,0
Wall_5157,Buschkrugallee (0-24 Uhr),12359,Deutschland,13.4520102624736,52.4521577096716,1,1,"0,5",1,0,0,0,2,0
Wall_5329,Mierendorffplatz (7-22 Uhr),10589,Deutschland,13.3043888888889,52.5255277777778,1,1,0,0,0,0,0,5,0
Wall_5330,Breitscheidplatz (9-22 Uhr),10789,Deutschland,13.3361111111111,52.5049444444444,1,1,"0,5",0,0,0,0,3,0
Wall_5331,Joachimsthaler Platz. Kurfürstendamm 226 (7-22 Uhr),10719,Deutschland,13.3308611111111,52.5033333333333,1,0,"0,5",0,0,0,0,3,0
Wall_5332,Olympiastadion. Gutsmuthsweg (bei Veranst.),14053,Deutschland,13.2440277777778,52.5142222222222,1,0,0,0,0,0,0,5,0
Wall_5333,Waldbühne/Maifeld. Passenheimer Str. (bei Veranst.),14053,Deutschland,13.2306388888889,52.5136111111111,1,0,0,0,0,0,0,5,0
Wall_5335,Theodor-Heuss-Platz ggü. 4-6 (7-22 Uhr),14052,Deutschland,13.272577,52.509679,1,0,0,0,0,0,0,5,0
Wall_5336,Bölschestr. 113 (7-22 Uhr),12587,Deutschland,13.6245833333333,52.4506666666667,1,1,0,0,0,0,0,5,0
Wall_5338,Viktoriapark (0-24 Uhr),10965,Deutschland,13.3778611111111,52.4875,1,0,0,0,0,0,0,5,0
Wall_5339,Alexanderplatz 1 (7-22 Uhr),10178,Deutschland,13.412954,52.521463,1,1,"0,5",0,0,0,0,3,0
Wall_5340,Rathausstr. ggü. 17 (10-18 Uhr),10178,Deutschland,13.4064166666667,52.5184722222222,1,1,"0,5",0,0,0,0,3,0
Wall_5341,Britz-Süd . Fritz-Reuter-Allee (7-22 Uhr),12351,Deutschland,13.4473888888889,52.4373611111111,1,0,0,0,0,0,0,5,0
Wall_5342,Elbestr. 39 (7-22 Uhr),12045,Deutschland,13.438239,52.482874,1,0,0,0,0,0,0,5,0
Wall_5343,Schäfersee . Am Schäfersee ggü. 1 (7-22 Uhr),13407,Deutschland,13.3638055555556,52.5641666666667,1,0,0,0,0,0,0,5,0
Wall_5344,Haselhorster Damm 23 (0-24 Uhr),13599,Deutschland,13.2382777777778,52.5444722222222,1,1,0,0,0,0,0,5,0
Wall_5345,Jugendplatz . Jugendweg (0-24 Uhr),13629,Deutschland,13.2698888888889,52.5378472222222,1,0,0,0,0,0,0,5,0
Wall_5346,Magistratsweg 8a (0-24 Uhr),13593,Deutschland,13.1631666666667,52.52125,1,1,0,0,0,0,0,5,0
Wall_5347,Mönchstr. 8 (0-24 Uhr),13597,Deutschland,13.2054861111111,52.5376388888889,1,1,0,0,0,0,0,5,0
Wall_5348,Spandauer Markt . Markt 5 (7-22 Uhr),13597,Deutschland,13.2050277777778,52.5368611111111,1,1,"0,2",0,0,0,0,3,0
Wall_5349,Moltkestr. (0-24 Uhr),12203,Deutschland,13.3120833333333,52.4426666666667,1,0,0,0,0,0,0,5,0
Wall_5350,Altonaer Str. (0-24 Uhr),10557,Deutschland,13.3452222222222,52.5155555555556,1,0,0,0,0,0,0,5,0
Wall_5351,Großer Stern (Haus C) . Str. des 17. Juni (7-22 Uhr),10785,Deutschland,13.3484166666667,52.5142361111111,1,0,0,0,0,0,0,5,0
Wall_5353,Preußenpark . Brandenburgische Str. (7-22 Uhr),10707,Deutschland,13.310916,52.493104,1,1,0,0,0,0,0,5,0
Wall_5354,Volkspark Wilmersdorf . Am Volkspark (7-22 Uhr),10715,Deutschland,13.326417,52.48288,1,0,0,0,0,0,0,5,0
Wall_5355,Wannsee . Rönnebypromenade (07-22 Uhr),14109,Deutschland,13.1762222222222,52.4214722222222,1,1,0,0,0,0,0,5,0
Wall_5356,Chamissoplatz 1 (0-24 Uhr),10965,Deutschland,13.3909027777778,52.4885277777778,1,0,0,0,0,0,0,4,0
Wall_5358,Kirchhofstr. (0-24 Uhr),12051,Deutschland,13.4413888888889,52.4715555555556,1,0,0,0,0,0,0,4,0
Wall_5359,Fellbacher Platz . Heinsestr. (0-24 Uhr),13467,Deutschland,13.3076111111111,52.6161388888889,1,0,0,0,0,0,0,4,0
Wall_5360,Berliner Str. 105-106 (0-24 Uhr),13507,Deutschland,13.283026,52.590697,1,0,0,0,0,0,0,4,0
Wall_5361,Friedenstr. (0-24 Uhr),12107,Deutschland,13.386907,52.438695,1,0,0,0,0,0,0,4,0
Wall_5362,Stephanplatz . Stephanstr. (0-24 Uhr),10559,Deutschland,13.3470138888889,52.5335277777778,1,0,0,0,0,0,0,4,0
Wall_5363,Unionplatz . Siemensstr. (0-24 Uhr),10551,Deutschland,13.3367777777778,52.5332222222222,1,0,0,0,0,0,0,4,0
Wall_5364,Pekinger Platz . Nordufer (0-24 Uhr),13353,Deutschland,13.35325,52.5399027777778,1,0,0,0,0,0,0,4,0
Wall_5365,Heerstr. (0-24 Uhr),14055,Deutschland,13.2276388888889,52.5065,1,0,0,0,0,0,0,5,0
Wall_5366,Schillerstr. (0-24 Uhr),10625,Deutschland,13.3067361111111,52.5101666666667,1,0,0,0,0,0,0,5,0
Wall_5367,Im Saatwinkel (0-24 Uhr),13599,Deutschland,13.2465277777778,52.5616666666667,1,0,0,0,0,0,0,5,0
Wall_5368,Flughafensee Tegel . Schwarzer Weg (0-24 Uhr),13507,Deutschland,13.2855277777778,52.5707777777778,1,0,0,0,0,0,0,5,0
Wall_5369,Schwarzer Weg (0-24 Uhr),13505,Deutschland,13.2432222222222,52576,1,0,0,0,0,0,0,5,0
Wall_5370,Schwarzer Weg 71 (0-24 Uhr),13505,Deutschland,13.2538055555556,52.5853888888889,1,0,0,0,0,0,0,5,0
Wall_5371,verlängerter Waldschluchtpfad (0-24 Uhr),14089,Deutschland,13.1815555555556,52.4698333333333,1,0,0,0,0,0,0,5,0
Wall_5373,Groß Glienicker See . Uferpromenade (0-24 Uhr),14089,Deutschland,13119,52.4711944444445,1,0,0,0,0,0,0,5,0
Wall_5374,Groß Glienicker See . verlängerte Uferpromenade (0-24 Uhr),14089,Deutschland,13.1154583333333,52.46125,1,0,0,0,0,0,0,5,0
Wall_5376,Bürgerablage . Niederneuendorfer Allee 80 (0-24 Uhr),13587,Deutschland,13.2100833333333,52.5852222222222,1,0,0,0,0,0,0,5,0
Wall_5377,Rustweg (0-24 Uhr),13587,Deutschland,13.2191666666667,52.5753888888889,1,0,0,0,0,0,0,5,0
Wall_5378,Großer Tiergarten . Tiergartenufer (0-24 Uhr),10787,Deutschland,13.3367222222222,52.5126111111111,1,0,0,0,0,0,0,5,0
Wall_5379,Großer Tiergarten . Bellevueallee (0-24 Uhr),10557,Deutschland,13.3566388888889,52.5163333333333,1,0,0,0,0,0,0,5,0
Wall_5381,Dohnagestell (0-24 Uhr),13351,Deutschland,13.3299722222222,52.5467222222222,1,0,0,0,0,0,0,5,0
Wall_5382,Kronprinzessinnenweg (0-24 Uhr),14193,Deutschland,13.23525,52.4689722222222,1,0,0,0,0,0,0,5,0
Wall_5383,Grunewaldsee-Ostufer (0-24 Uhr),14193,Deutschland,13.2661111111111,52.4718055555556,1,0,0,0,0,0,0,5,0
Wall_5384,Havelchaussee (0-24 Uhr),14193,Deutschland,13.1981666666667,52.4695,1,0,0,0,0,0,0,5,0
Wall_5385,Halensee . Halenseestr. (0-24 Uhr),14193,Deutschland,13.2833333333333,52.4956111111111,1,0,0,0,0,0,0,5,0
Wall_5386,Teufelssee . Schildhornweg (0-24 Uhr),14193,Deutschland,13.2346944444444,52.4895277777778,1,0,0,0,0,0,0,5,0
Wall_5387,Havelchaussee (0-24 Uhr),14109,Deutschland,13.1898888888889,52.4545833333333,1,0,0,0,0,0,0,5,0
Wall_5388,Heckeshorn . Uferweg (0-24 Uhr),14109,Deutschland,13.1650555555556,52.4348055555555,1,0,0,0,0,0,0,5,0
Wall_5389,Uferpromenade (0-24 Uhr),14109,Deutschland,13.1294166666667,52.4293888888889,1,0,0,0,0,0,0,5,0
Wall_5390,Uferpromenade (0-24 Uhr),14109,Deutschland,13.1432222222222,52.4324166666667,1,0,0,0,0,0,0,5,0
Wall_5391,Krumme Lanke . Fischerhüttenweg (0-24 Uhr),14193,Deutschland,13.2288333333333,52.44775,1,0,0,0,0,0,0,5,0
Wall_5392,Schlachtensee . Am Schlachtensee (0-24 Uhr),14129,Deutschland,13.2154722222222,52.4407777777778,1,0,0,0,0,0,0,5,0
Wall_5393,Senefelderplatz . Metzer Str. (0-24 Uhr),10119,Deutschland,13.4128888888889,52.5324444444444,1,0,0,0,0,0,0,4,0
Wall_5394,Sandhauser Str. (0-24 Uhr),13503,Deutschland,13.2215555555556,52.5943611111111,1,0,0,0,0,0,0,5,0
Wall_54774,Scharfe Lanke ggü. 133 B (0-24 Uhr),13589,Deutschland,13.18521,52.50165,1,0,0,0,0,0,0,5,0
Fremd_1,Am Denkmal für die ermordeten Juden Europas (Hannah-Arendt-Straße | Ecke Cora-Berliner-Straße) ,10117,Deutschland,13.38045,52.51376,0,1,0,0,0,0,0,6,0
Fremd_10,Tempelhofer Feld,10965,Deutschland,13.40874,52.4793,0,0,0,0,0,0,0,6,0
Fremd_12,Wannsee (Sommerbetrieb),14129,Deutschland,13.17935,52.43684,0,0,0,0,0,0,0,6,0
Fremd_13,Leopoldplatz (Schulstraße | Turiner Straße),13347,Deutschland,13.36125,52.54789,0,1,"0,1",1,0,0,0,6,0
Fremd_15,Volkspark Friedrichshain | Neuer Hain,10249,Deutschland,13.43486,52.52773,0,1,0,0,0,0,0,6,0
Fremd_16,Oranienplatz,10969,Deutschland,13.41514,52.50263,0,0,0,0,0,0,0,6,0
Fremd_17,Cuvrystraße,10997,Deutschland,13.44417,52.49827,0,0,0,0,0,0,0,6,0
Fremd_18,Mariannenplatz,10997,Deutschland,13.42465,52.5031,0,1,0,0,0,0,0,6,0
Fremd_19,Kleiner Tiergarten | Stromstraße,10551,Deutschland,13.34312,52.52585,0,0,0,0,0,0,0,6,0
Fremd_2,Ehemaliger Garnisonfriedhof | Müllerstraße ,13347,Deutschland,13.35924,52.54892,0,0,0,0,0,0,0,6,0
Fremd_3,Park am Gleisdreieck,10963,Deutschland,13.37306,52.49629,0,1,0,0,0,0,0,6,0
Fremd_4,Park am Gleisdreieck,10963,Deutschland,13.3769,52.49502,0,1,0,0,0,0,0,6,0
Fremd_5,Tempelhofer Feld,12049,Deutschland,13.41755,52.47681,0,1,0,0,0,0,0,6,0
Fremd_6,Tempelhofer Feld,12049,Deutschland,13.41766,52.47019,0,1,0,0,0,0,0,6,0
Fremd_7,Tempelhofer Feld,12101,Deutschland,13.38677,52.4713,0,1,0,0,0,0,0,6,0
Fremd_8,Tempelhofer Feld,10965,Deutschland,13.40995,52.4794,0,1,0,0,0,0,0,6,0
Fremd_9,Tempelhofer Feld,10965,Deutschland,13.40423,52.4817,0,0,0,0,0,0,0,6,0
